time,close
2014-06-17,632606.48
2014-06-18,632606.48
2014-06-19,632606.48
2014-06-20,632606.48
2014-06-21,632606.48
2014-06-22,632606.48
2014-06-23,629811.48
2014-06-24,627162.15
2014-06-25,627162.15
2014-06-26,627162.15
2014-06-27,627162.15
2014-06-28,627162.15
2014-06-29,627162.15
2014-06-30,627162.15
2014-07-01,627162.15
2014-07-02,627162.15
2014-07-03,627162.15
2014-07-04,627162.15
2014-07-05,627162.15
2014-07-06,657763.03
2014-07-07,634610.02
2014-07-08,1084976.4
2014-07-09,1084976.4
2014-07-10,1084976.4
2014-07-11,644536.22
2014-07-12,644536.22
2014-07-13,644536.22
2014-07-14,644536.22
2014-07-15,652920.56
2014-07-16,659752.72
2014-07-17,659752.72
2014-07-18,661286.31
2014-07-19,664749.42
2014-07-20,664749.42
2014-07-21,652564.26
2014-07-22,656890.18
2014-07-23,656890.18
2014-07-24,656890.18
2014-07-25,656890.18
2014-07-26,656890.18
2014-07-27,656890.18
2014-07-28,656890.18
2014-07-29,656890.18
2014-07-30,656890.18
2014-07-31,656890.18
2014-08-01,656890.18
2014-08-02,656890.18
2014-08-03,621421.05
2014-08-04,621421.05
2014-08-05,621421.05
2014-08-06,621118.01
2014-08-07,619195.05
2014-08-08,635021.43
2014-08-09,635021.43
2014-08-10,635021.43
2014-08-11,635021.43
2014-08-12,635021.43
2014-08-13,586424.28
2014-08-14,586424.28
2014-08-15,586424.28
2014-08-16,586424.28
2014-08-17,586424.28
2014-08-18,515132.0
2014-08-19,503018.11
2014-08-20,503018.11
2014-08-21,503018.11
2014-08-22,503018.11
2014-08-23,503018.11
2014-08-24,503018.11
2014-08-25,503018.11
2014-08-26,533333.33
2014-08-27,533333.33
2014-08-28,533333.33
2014-08-29,533333.33
2014-08-30,533333.33
2014-08-31,533333.33
2014-09-01,495049.5
2014-09-02,495049.5
2014-09-03,495049.5
2014-09-04,497512.44
2014-09-05,513017.83
2014-09-06,513017.83
2014-09-07,506329.11
2014-09-08,506329.11
2014-09-09,506329.11
2014-09-10,506329.11
2014-09-11,511627.91
2014-09-12,511627.91
2014-09-13,511627.91
2014-09-14,511627.91
2014-09-15,511627.91
2014-09-16,511627.91
2014-09-17,511627.91
2014-09-18,480668.76
2014-09-19,480668.76
2014-09-20,480668.76
2014-09-21,428265.52
2014-09-22,428265.52
2014-09-23,477326.97
2014-09-24,473596.97
2014-09-25,473596.97
2014-09-26,434400.0
2014-09-27,434400.0
2014-09-28,434400.0
2014-09-29,434400.0
2014-09-30,434400.0
2014-10-01,434400.0
2014-10-02,419947.51
2014-10-03,419947.51
2014-10-04,419947.51
2014-10-05,419947.51
2014-10-06,419947.51
2014-10-07,363304.7
2014-10-08,363304.7
2014-10-09,423908.44
2014-10-10,409056.36
2014-10-11,409056.36
2014-10-12,409056.36
2014-10-13,409056.36
2014-10-14,409056.36
2014-10-15,409056.36
2014-10-16,409056.36
2014-10-17,418235.05
2014-10-18,418235.05
2014-10-19,418235.05
2014-10-20,418235.05
2014-10-21,418235.05
2014-10-22,418235.05
2014-10-23,406504.07
2014-10-24,406504.07
2014-10-25,390289.59
2014-10-26,392578.12
2014-10-27,390655.52
2014-10-28,386548.13
2014-10-29,386548.13
2014-10-30,386548.13
2014-10-31,386548.13
2014-11-01,364963.5
2014-11-02,364963.5
2014-11-03,364963.5
2014-11-04,364963.5
2014-11-05,364963.5
2014-11-06,364963.5
2014-11-07,364963.5
2014-11-08,364963.5
2014-11-09,395288.17
2014-11-10,395288.17
2014-11-11,417368.98
2014-11-12,417368.98
2014-11-13,488758.55
2014-11-14,488758.55
2014-11-15,488758.55
2014-11-16,488758.55
2014-11-17,488758.55
2014-11-18,488758.55
2014-11-19,488758.55
2014-11-20,488758.55
2014-11-21,488758.55
2014-11-22,488758.55
2014-11-23,488758.55
2014-11-24,488758.55
2014-11-25,488758.55
2014-11-26,488758.55
2014-11-27,488758.55
2014-11-28,488758.55
2014-11-29,488758.55
2014-11-30,488758.55
2014-12-01,488758.55
2014-12-02,488758.55
2014-12-03,488758.55
2014-12-04,488758.55
2014-12-05,488758.55
2014-12-06,488758.55
2014-12-07,488758.55
2014-12-08,488758.55
2014-12-09,488758.55
2014-12-10,400682.0
2014-12-11,402861.54
2014-12-12,406182.22
2014-12-13,406182.22
2014-12-14,401746.05
2014-12-15,403091.0
2014-12-16,403091.0
2014-12-17,403091.0
2014-12-18,354831.98
2014-12-19,354831.98
2014-12-20,370599.14
2014-12-21,372376.44
2014-12-22,372376.44
2014-12-23,372376.44
2014-12-24,372376.44
2014-12-25,372376.44
2014-12-26,372376.44
2014-12-27,372376.44
2014-12-28,372376.44
2014-12-29,372376.44
2014-12-30,372376.44
2014-12-31,372376.44
2015-01-01,372376.44
2015-01-02,372376.44
2015-01-03,372376.44
2015-01-04,372376.44
2015-01-05,372376.44
2015-01-06,372376.44
2015-01-07,372376.44
2015-01-08,372376.44
2015-01-09,372376.44
2015-01-10,372376.44
2015-01-11,372376.44
2015-01-12,372376.44
2015-01-13,372376.44
2015-01-14,372376.44
2015-01-15,372376.44
2015-01-16,372376.44
2015-01-17,372376.44
2015-01-18,372376.44
2015-01-19,372376.44
2015-01-20,372376.44
2015-01-21,372376.44
2015-01-22,372376.44
2015-01-23,372376.44
2015-01-24,372376.44
2015-01-25,372376.44
2015-01-26,372376.44
2015-01-27,372376.44
2015-01-28,372376.44
2015-01-29,372376.44
2015-01-30,372376.44
2015-01-31,372376.44
2015-02-01,372376.44
2015-02-02,372376.44
2015-02-03,372376.44
2015-02-04,372376.44
2015-02-05,372376.44
2015-02-06,372376.44
2015-02-07,372376.44
2015-02-08,372376.44
2015-02-09,372376.44
2015-02-10,372376.44
2015-02-11,372376.44
2015-02-12,372376.44
2015-02-13,372376.44
2015-02-14,372376.44
2015-02-15,372376.44
2015-02-16,372376.44
2015-02-17,372376.44
2015-02-18,372376.44
2015-02-19,372376.44
2015-02-20,372376.44
2015-02-21,372376.44
2015-02-22,372376.44
2015-02-23,372376.44
2015-02-24,372376.44
2015-02-25,372376.44
2015-02-26,372376.44
2015-02-27,372376.44
2015-02-28,372376.44
2015-03-01,372376.44
2015-03-02,372376.44
2015-03-03,372376.44
2015-03-04,372376.44
2015-03-05,372376.44
2015-03-06,372376.44
2015-03-07,372376.44
2015-03-08,372376.44
2015-03-09,372376.44
2015-03-10,372376.44
2015-03-11,372376.44
2015-03-12,372376.44
2015-03-13,372376.44
2015-03-14,372376.44
2015-03-15,372376.44
2015-03-16,372376.44
2015-03-17,372376.44
2015-03-18,372376.44
2015-03-19,372376.44
2015-03-20,372376.44
2015-03-21,372376.44
2015-03-22,372376.44
2015-03-23,372376.44
2015-03-24,372376.44
2015-03-25,372376.44
2015-03-26,372376.44
2015-03-27,372376.44
2015-03-28,372376.44
2015-03-29,372376.44
2015-03-30,372376.44
2015-03-31,372376.44
2015-04-01,372376.44
2015-04-02,372376.44
2015-04-03,372376.44
2015-04-04,372376.44
2015-04-05,372376.44
2015-04-06,372376.44
2015-04-07,372376.44
2015-04-08,372376.44
2015-04-09,372376.44
2015-04-10,372376.44
2015-04-11,372376.44
2015-04-12,372376.44
2015-04-13,372376.44
2015-04-14,372376.44
2015-04-15,372376.44
2015-04-16,372376.44
2015-04-17,372376.44
2015-04-18,372376.44
2015-04-19,372376.44
2015-04-20,372376.44
2015-04-21,372376.44
2015-04-22,372376.44
2015-04-23,372376.44
2015-04-24,372376.44
2015-04-25,372376.44
2015-04-26,372376.44
2015-04-27,372376.44
2015-04-28,372376.44
2015-04-29,372376.44
2015-04-30,372376.44
2015-05-01,372376.44
2015-05-02,372376.44
2015-05-03,372376.44
2015-05-04,372376.44
2015-05-05,372376.44
2015-05-06,372376.44
2015-05-07,372376.44
2015-05-08,372376.44
2015-05-09,372376.44
2015-05-10,372376.44
2015-05-11,372376.44
2015-05-12,372376.44
2015-05-13,372376.44
2015-05-14,372376.44
2015-05-15,372376.44
2015-05-16,372376.44
2015-05-17,372376.44
2015-05-18,372376.44
2015-05-19,372376.44
2015-05-20,372376.44
2015-05-21,372376.44
2015-05-22,372376.44
2015-05-23,372376.44
2015-05-24,372376.44
2015-05-25,372376.44
2015-05-26,372376.44
2015-05-27,372376.44
2015-05-28,372376.44
2015-05-29,372376.44
2015-05-30,372376.44
2015-05-31,372376.44
2015-06-01,372376.44
2015-06-02,372376.44
2015-06-03,372376.44
2015-06-04,372376.44
2015-06-05,372376.44
2015-06-06,372376.44
2015-06-07,372376.44
2015-06-08,277777.78
2015-06-09,277777.78
2015-06-10,277777.78
2015-06-11,277777.78
2015-06-12,277777.78
2015-06-13,277777.78
2015-06-14,277777.78
2015-06-15,277777.78
2015-06-16,277777.78
2015-06-17,277777.78
2015-06-18,277777.78
2015-06-19,277777.78
2015-06-20,277777.78
2015-06-21,277777.78
2015-06-22,277777.78
2015-06-23,277777.78
2015-06-24,277777.78
2015-06-25,277777.78
2015-06-26,277777.78
2015-06-27,277777.78
2015-06-28,277777.78
2015-06-29,277777.78
2015-06-30,277777.78
2015-07-01,277777.78
2015-07-02,277777.78
2015-07-03,277777.78
2015-07-04,277777.78
2015-07-05,279981.33
2015-07-06,279981.33
2015-07-07,279981.33
2015-07-08,279981.33
2015-07-09,279981.33
2015-07-10,287191.27
2015-07-11,287191.27
2015-07-12,287191.27
2015-07-13,287191.27
2015-07-14,287191.27
2015-07-15,312129.35
2015-07-16,312129.35
2015-07-17,312129.35
2015-07-18,312129.35
2015-07-19,312129.35
2015-07-20,312129.35
2015-07-21,312129.35
2015-07-22,312129.35
2015-07-23,300372.46
2015-07-24,300372.46
2015-07-25,300372.46
2015-07-26,300372.46
2015-07-27,300372.46
2015-07-28,300372.46
2015-07-29,300372.46
2015-07-30,315706.39
2015-07-31,315706.39
2015-08-01,315706.39
2015-08-02,315706.39
2015-08-03,315706.39
2015-08-04,315706.39
2015-08-05,315706.39
2015-08-06,315706.39
2015-08-07,315706.39
2015-08-08,315706.39
2015-08-09,315706.39
2015-08-10,315706.39
2015-08-11,315706.39
2015-08-12,315706.39
2015-08-13,315706.39
2015-08-14,315706.39
2015-08-15,315706.39
2015-08-16,315706.39
2015-08-17,315706.39
2015-08-18,285459.41
2015-08-19,285459.41
2015-08-20,285459.41
2015-08-21,285459.41
2015-08-22,285459.41
2015-08-23,285459.41
2015-08-24,285459.41
2015-08-25,285459.41
2015-08-26,285459.41
2015-08-27,285459.41
2015-08-28,285459.41
2015-08-29,285459.41
2015-08-30,285459.41
2015-08-31,285459.41
2015-09-01,285459.41
2015-09-02,285459.41
2015-09-03,285459.41
2015-09-04,285459.41
2015-09-05,285459.41
2015-09-06,285459.41
2015-09-07,285459.41
2015-09-08,285459.41
2015-09-09,285459.41
2015-09-10,285459.41
2015-09-11,285459.41
2015-09-12,285459.41
2015-09-13,285459.41
2015-09-14,285459.41
2015-09-15,285459.41
2015-09-16,285459.41
2015-09-17,285459.41
2015-09-18,285459.41
2015-09-19,285459.41
2015-09-20,285459.41
2015-09-21,285459.41
2015-09-22,285459.41
2015-09-23,285459.41
2015-09-24,285459.41
2015-09-25,285459.41
2015-09-26,285459.41
2015-09-27,285459.41
2015-09-28,285459.41
2015-09-29,285459.41
2015-09-30,285459.41
2015-10-01,285459.41
2015-10-02,285459.41
2015-10-03,285459.41
2015-10-04,285459.41
2015-10-05,285459.41
2015-10-06,285459.41
2015-10-07,285459.41
2015-10-08,285459.41
2015-10-09,303648.0
2015-10-10,303648.0
2015-10-11,303648.0
2015-10-12,303648.0
2015-10-13,308260.0
2015-10-14,308789.0
2015-10-15,308789.0
2015-10-16,308789.0
2015-10-17,308789.0
2015-10-18,308789.0
2015-10-19,308789.0
2015-10-20,308789.0
2015-10-21,308789.0
2015-10-22,308789.0
2015-10-23,292312.19
2015-10-24,292312.19
2015-10-25,315789.47
2015-10-26,315789.47
2015-10-27,315789.47
2015-10-28,315789.47
2015-10-29,315789.47
2015-10-30,315789.47
2015-10-31,315789.47
2015-11-01,315789.47
2015-11-02,315789.47
2015-11-03,315789.47
2015-11-04,315789.47
2015-11-05,315789.47
2015-11-06,469336.67
2015-11-07,469336.67
2015-11-08,423119.24
2015-11-09,460970.93
2015-11-10,460970.93
2015-11-11,460970.93
2015-11-12,460970.93
2015-11-13,460970.93
2015-11-14,460970.93
2015-11-15,460970.93
2015-11-16,460970.93
2015-11-17,460970.93
2015-11-18,460970.93
2015-11-19,460970.93
2015-11-20,460970.93
2015-11-21,460970.93
2015-11-22,405844.16
2015-11-23,354233.09
2015-11-24,400740.11
2015-11-25,400740.11
2015-11-26,400740.11
2015-11-27,400740.11
2015-11-28,400740.11
2015-11-29,400740.11
2015-11-30,463914.11
2015-12-01,416805.6
2015-12-02,394412.49
2015-12-03,402603.5
2015-12-04,402603.5
2015-12-05,402603.5
2015-12-06,489236.79
2015-12-07,444444.44
2015-12-08,503018.11
2015-12-09,503018.11
2015-12-10,529100.53
2015-12-11,556132.09
2015-12-12,574382.54
2015-12-13,558243.39
2015-12-14,565802.87
2015-12-15,589726.96
2015-12-16,589726.96
2015-12-17,589726.96
2015-12-18,589726.96
2015-12-19,589726.96
2015-12-20,589970.5
2015-12-21,589970.5
2015-12-22,589970.5
2015-12-23,570962.48
2015-12-24,570962.48
2015-12-25,594177.06
2015-12-26,594177.06
2015-12-27,594177.06
2015-12-28,548297.0
2015-12-29,548297.0
2015-12-30,548297.0
2015-12-31,548297.0
2016-01-01,506737.74
2016-01-02,506585.61
2016-01-03,506585.61
2016-01-04,506585.61
2016-01-05,507717.3
2016-01-06,506898.19
2016-01-07,506898.19
2016-01-08,506898.19
2016-01-09,506898.19
2016-01-10,516137.91
2016-01-11,516137.91
2016-01-12,516137.91
2016-01-13,516137.91
2016-01-14,516137.91
2016-01-15,481115.99
2016-01-16,481115.99
2016-01-17,453352.42
2016-01-18,453352.42
2016-01-19,453352.42
2016-01-20,453352.42
2016-01-21,490725.29
2016-01-22,519390.58
2016-01-23,508006.63
2016-01-24,524737.63
2016-01-25,524737.63
2016-01-26,524737.63
2016-01-27,524737.63
2016-01-28,524737.63
2016-01-29,524737.63
2016-01-30,524737.63
2016-01-31,489957.0
2016-02-01,489957.0
2016-02-02,489957.0
2016-02-03,489957.0
2016-02-04,489957.0
2016-02-05,453706.78
2016-02-06,489396.41
2016-02-07,486933.94
2016-02-08,437254.04
2016-02-09,494396.84
2016-02-10,453302.31
2016-02-11,453302.31
2016-02-12,453055.86
2016-02-13,463956.05
2016-02-14,476847.7
2016-02-15,536193.03
2016-02-16,531914.89
2016-02-17,531914.89
2016-02-18,531914.89
2016-02-19,508207.55
2016-02-20,525145.19
2016-02-21,516462.02
2016-02-22,595725.02
2016-02-23,511593.37
2016-02-24,511593.37
2016-02-25,511593.37
2016-02-26,511593.37
2016-02-27,511593.37
2016-02-28,578012.41
2016-02-29,517063.08
2016-03-01,511695.91
2016-03-02,588235.29
2016-03-03,588235.29
2016-03-04,485612.94
2016-03-05,458553.79
2016-03-06,448861.81
2016-03-07,448861.81
2016-03-08,448861.81
2016-03-09,448861.81
2016-03-10,541053.0
2016-03-11,541053.0
2016-03-12,543160.36
2016-03-13,543160.36
2016-03-14,476341.7
2016-03-15,538084.42
2016-03-16,540806.29
2016-03-17,540806.29
2016-03-18,513347.02
2016-03-19,516212.29
2016-03-20,519030.0
2016-03-21,519030.0
2016-03-22,467560.64
2016-03-23,533679.0
2016-03-24,468180.54
2016-03-25,534355.0
2016-03-26,534378.34
2016-03-27,534378.34
2016-03-28,534378.34
2016-03-29,534378.34
2016-03-30,529567.52
2016-03-31,529567.52
2016-04-01,537832.11
2016-04-02,537832.11
2016-04-03,537832.11
2016-04-04,537832.11
2016-04-05,537832.11
2016-04-06,536271.45
2016-04-07,536271.45
2016-04-08,536271.45
2016-04-09,536271.45
2016-04-10,536271.45
2016-04-11,471698.11
2016-04-12,536941.58
2016-04-13,472587.86
2016-04-14,540540.54
2016-04-15,543705.56
2016-04-16,543056.63
2016-04-17,541540.68
2016-04-18,546768.21
2016-04-19,543703.64
2016-04-20,543703.64
2016-04-21,543703.64
2016-04-22,568291.27
2016-04-23,569354.49
2016-04-24,582072.18
2016-04-25,532900.0
2016-04-26,535500.0
2016-04-27,529900.0
2016-04-28,516400.0
2016-04-29,521400.0
2016-04-30,515600.0
2016-05-01,519200.0
2016-05-02,514200.0
2016-05-03,515000.0
2016-05-04,519400.0
2016-05-05,518200.0
2016-05-06,525900.0
2016-05-07,528000.0
2016-05-08,526600.0
2016-05-09,533600.0
2016-05-10,528000.0
2016-05-11,529100.0
2016-05-12,529400.0
2016-05-13,531600.0
2016-05-14,532200.0
2016-05-15,534000.0
2016-05-16,533000.0
2016-05-17,532400.0
2016-05-18,536400.0
2016-05-19,532900.0
2016-05-20,530600.0
2016-05-21,528400.0
2016-05-22,526300.0
2016-05-23,528300.0
2016-05-24,532600.0
2016-05-25,535000.0
2016-05-26,537000.0
2016-05-27,576600.0
2016-05-28,679500.0
2016-05-29,658800.0
2016-05-30,671400.0
2016-05-31,650500.0
2016-06-01,650100.0
2016-06-02,646500.0
2016-06-03,667500.0
2016-06-04,677000.0
2016-06-05,679500.0
2016-06-06,691000.0
2016-06-07,683500.0
2016-06-08,689500.0
2016-06-09,690500.0
2016-06-10,693300.0
2016-06-11,705500.0
2016-06-12,817300.0
2016-06-13,868300.0
2016-06-14,858000.0
2016-06-15,844900.0
2016-06-16,920000.0
2016-06-17,907200.0
2016-06-18,917500.0
2016-06-19,921200.0
2016-06-20,876500.0
2016-06-21,810000.0
2016-06-22,739000.0
2016-06-23,735000.0
2016-06-24,796500.0
2016-06-25,806000.0
2016-06-26,763300.0
2016-06-27,767600.0
2016-06-28,775500.0
2016-06-29,759900.0
2016-06-30,790000.0
2016-07-01,802700.0
2016-07-02,828000.0
2016-07-03,787100.0
2016-07-04,802100.0
2016-07-05,798600.0
2016-07-06,811500.0
2016-07-07,751600.0
2016-07-08,787300.0
2016-07-09,773500.0
2016-07-10,770000.0
2016-07-11,767500.0
2016-07-12,783500.0
2016-07-13,779300.0
2016-07-14,766600.0
2016-07-15,773900.0
2016-07-16,771700.0
2016-07-17,781000.0
2016-07-18,784700.0
2016-07-19,781000.0
2016-07-20,774500.0
2016-07-21,771500.0
2016-07-22,751600.0
2016-07-23,761800.0
2016-07-24,765500.0
2016-07-25,760900.0
2016-07-26,758200.0
2016-07-27,755000.0
2016-07-28,754000.0
2016-07-29,751200.0
2016-07-30,747700.0
2016-07-31,711500.0
2016-08-01,693800.0
2016-08-02,635000.0
2016-08-03,640500.0
2016-08-04,649500.0
2016-08-05,649400.0
2016-08-06,663000.0
2016-08-07,675500.0
2016-08-08,673000.0
2016-08-09,670000.0
2016-08-10,674500.0
2016-08-11,671200.0
2016-08-12,668900.0
2016-08-13,665400.0
2016-08-14,651900.0
2016-08-15,646400.0
2016-08-16,655500.0
2016-08-17,650500.0
2016-08-18,648500.0
2016-08-19,650600.0
2016-08-20,660000.0
2016-08-21,658500.0
2016-08-22,661200.0
2016-08-23,661500.0
2016-08-24,657200.0
2016-08-25,651900.0
2016-08-26,656400.0
2016-08-27,646200.0
2016-08-28,649900.0
2016-08-29,650500.0
2016-08-30,651500.0
2016-08-31,648500.0
2016-09-01,645500.0
2016-09-02,646800.0
2016-09-03,676600.0
2016-09-04,686000.0
2016-09-05,681000.0
2016-09-06,686500.0
2016-09-07,684200.0
2016-09-08,689800.0
2016-09-09,696300.0
2016-09-10,700500.0
2016-09-11,688500.0
2016-09-12,682000.0
2016-09-13,691500.0
2016-09-14,694300.0
2016-09-15,690300.0
2016-09-16,691500.0
2016-09-17,689600.0
2016-09-18,695200.0
2016-09-19,691500.0
2016-09-20,688600.0
2016-09-21,674500.0
2016-09-22,666100.0
2016-09-23,677500.0
2016-09-24,675700.0
2016-09-25,671800.0
2016-09-26,677000.0
2016-09-27,677000.0
2016-09-28,673500.0
2016-09-29,674500.0
2016-09-30,678500.0
2016-10-01,685000.0
2016-10-02,683500.0
2016-10-03,683500.0
2016-10-04,684500.0
2016-10-05,688000.0
2016-10-06,691000.0
2016-10-07,695500.0
2016-10-08,696500.0
2016-10-09,692500.0
2016-10-10,696000.0
2016-10-11,724000.0
2016-10-12,730000.0
2016-10-13,729000.0
2016-10-14,730000.0
2016-10-15,730000.0
2016-10-16,736500.0
2016-10-17,736500.0
2016-10-18,728500.0
2016-10-19,718500.0
2016-10-20,719500.0
2016-10-21,726000.0
2016-10-22,751500.0
2016-10-23,752000.0
2016-10-24,752500.0
2016-10-25,760000.0
2016-10-26,783000.0
2016-10-27,794500.0
2016-10-28,793500.0
2016-10-29,833000.0
2016-10-30,808000.0
2016-10-31,813000.0
2016-11-01,835500.0
2016-11-02,843000.0
2016-11-03,798000.0
2016-11-04,805000.0
2016-11-05,806000.0
2016-11-06,808500.0
2016-11-07,807000.0
2016-11-08,812500.0
2016-11-09,835500.0
2016-11-10,832000.0
2016-11-11,837500.0
2016-11-12,828000.0
2016-11-13,827000.0
2016-11-14,829500.0
2016-11-15,834000.0
2016-11-16,869000.0
2016-11-17,887500.0
2016-11-18,905000.0
2016-11-19,910000.0
2016-11-20,886500.0
2016-11-21,888000.0
2016-11-22,901500.0
2016-11-23,891500.0
2016-11-24,888500.0
2016-11-25,883500.0
2016-11-26,881000.0
2016-11-27,878500.0
2016-11-28,881000.0
2016-11-29,873500.0
2016-11-30,884500.0
2016-12-01,898500.0
2016-12-02,913000.0
2016-12-03,907500.0
2016-12-04,915000.0
2016-12-05,907500.0
2016-12-06,907000.0
2016-12-07,909000.0
2016-12-08,908500.0
2016-12-09,916500.0
2016-12-10,922500.0
2016-12-11,916000.0
2016-12-12,927000.0
2016-12-13,936500.0
2016-12-14,934500.0
2016-12-15,935500.0
2016-12-16,944500.0
2016-12-17,963000.0
2016-12-18,965500.0
2016-12-19,965000.0
2016-12-20,977500.0
2016-12-21,988500.0
2016-12-22,1063000.0
2016-12-23,1164500.0
2016-12-24,1143000.0
2016-12-25,1120000.0
2016-12-26,1128500.0
2016-12-27,1148000.0
2016-12-28,1199500.0
2016-12-29,1205000.0
2016-12-30,1195000.0
2016-12-31,1195000.0
2017-01-01,1267000.0
2017-01-02,1324500.0
2017-01-03,1363500.0
2017-01-04,1507500.0
2017-01-05,1405000.0
2017-01-06,1190000.0
2017-01-07,1133000.0
2017-01-08,1174000.0
2017-01-09,1125500.0
2017-01-10,1125500.0
2017-01-11,955000.0
2017-01-12,985000.0
2017-01-13,977000.0
2017-01-14,985000.0
2017-01-15,977500.0
2017-01-16,989000.0
2017-01-17,1097500.0
2017-01-18,1052000.0
2017-01-19,1071000.0
2017-01-20,1071500.0
2017-01-21,1095000.0
2017-01-22,1099500.0
2017-01-23,1100500.0
2017-01-24,1088500.0
2017-01-25,1075000.0
2017-01-26,1095000.0
2017-01-27,1094500.0
2017-01-28,1097500.0
2017-01-29,1098000.0
2017-01-30,1099500.0
2017-01-31,1168500.0
2017-02-01,1189500.0
2017-02-02,1212000.0
2017-02-03,1240500.0
2017-02-04,1241000.0
2017-02-05,1238500.0
2017-02-06,1229000.0
2017-02-07,1245000.0
2017-02-08,1252000.0
2017-02-09,1185500.0
2017-02-10,1185000.0
2017-02-11,1195000.0
2017-02-12,1194000.0
2017-02-13,1185000.0
2017-02-14,1187500.0
2017-02-15,1187000.0
2017-02-16,1208000.0
2017-02-17,1239000.0
2017-02-18,1235000.0
2017-02-19,1237000.0
2017-02-20,1258500.0
2017-02-21,1305000.0
2017-02-22,1316000.0
2017-02-23,1385500.0
2017-02-24,1396500.0
2017-02-25,1365000.0
2017-02-26,1383000.0
2017-02-27,1390500.0
2017-02-28,1398000.0
2017-03-01,1442500.0
2017-03-02,1497500.0
2017-03-03,1547000.0
2017-03-04,1532000.0
2017-03-05,1530000.0
2017-03-06,1523000.0
2017-03-07,1466000.0
2017-03-08,1396000.0
2017-03-09,1422000.0
2017-03-10,1357500.0
2017-03-11,1428500.0
2017-03-12,1467500.0
2017-03-13,1491516.45
2017-03-14,1504102.14
2017-03-15,1501748.61
2017-03-16,1514571.14
2017-03-17,1485069.15
2017-03-18,1220776.49
2017-03-19,1342605.11
2017-03-20,1317330.54
2017-03-21,1361126.73
2017-03-22,1286962.03
2017-03-23,1241986.28
2017-03-24,1065047.95
2017-03-25,1138690.72
2017-03-26,1176344.27
2017-03-27,1250454.53
2017-03-28,1242928.04
2017-03-29,1208969.13
2017-03-30,1210019.83
2017-03-31,1266557.64
2017-04-01,1277704.44
2017-04-02,1302047.87
2017-04-03,1362073.22
2017-04-04,1351614.99
2017-04-05,1327854.39
2017-04-06,1373352.11
2017-04-07,1402415.45
2017-04-08,1374246.36
2017-04-09,1393711.44
2017-04-10,1400203.22
2017-04-11,1420121.2
2017-04-12,1393874.15
2017-04-13,1362722.6
2017-04-14,1386980.47
2017-04-15,1372666.59
2017-04-16,1384251.18
2017-04-17,1398474.29
2017-04-18,1404000.0
2017-04-19,1423282.14
2017-04-20,1444952.42
2017-04-21,1459081.8
2017-04-22,1453753.43
2017-04-23,1452463.06
2017-04-24,1452220.14
2017-04-25,1463139.73
2017-04-26,1460423.81
2017-04-27,1479490.25
2017-04-28,1460798.54
2017-04-29,1495207.99
2017-04-30,1557359.75
2017-05-01,1692037.85
2017-05-02,1710693.53
2017-05-03,1722582.95
2017-05-04,1899979.81
2017-05-05,1971965.84
2017-05-06,1945048.67
2017-05-07,1985186.46
2017-05-08,2240707.78
2017-05-09,2295039.53
2017-05-10,2283538.84
2017-05-11,2378000.0
2017-05-12,2273298.44
2017-05-13,2289692.74
2017-05-14,2268927.65
2017-05-15,2197317.22
2017-05-16,2257285.52
2017-05-17,2276985.04
2017-05-18,2299325.13
2017-05-19,2450750.35
2017-05-20,2579729.77
2017-05-21,2694870.83
2017-05-22,3104187.6
2017-05-23,3213433.65
2017-05-24,4090951.01
2017-05-25,4093284.7
2017-05-26,3255891.15
2017-05-27,3148410.42
2017-05-28,3145760.92
2017-05-29,3199832.87
2017-05-30,3143183.18
2017-05-31,3034388.21
2017-06-01,3130814.56
2017-06-02,3180546.23
2017-06-03,3113015.31
2017-06-04,3060156.6
2017-06-05,3188390.24
2017-06-06,3388982.23
2017-06-07,3246446.4
2017-06-08,3273284.05
2017-06-09,3265091.31
2017-06-10,3276035.07
2017-06-11,3326216.24
2017-06-12,3207794.63
2017-06-13,3192533.0
2017-06-14,3026948.98
2017-06-15,3061858.84
2017-06-16,3052086.43
2017-06-17,3229094.59
2017-06-18,3166911.71
2017-06-19,3234325.21
2017-06-20,3423205.43
2017-06-21,3433959.5
2017-06-22,3455049.66
2017-06-23,3450266.15
2017-06-24,3364203.61
2017-06-25,3386611.2
2017-06-26,3284610.25
2017-06-27,3154259.57
2017-06-28,3136718.19
2017-06-29,3061492.62
2017-06-30,3079044.23
2017-07-01,3059023.86
2017-07-02,3012273.77
2017-07-03,3086425.69
2017-07-04,3143762.8
2017-07-05,3113357.11
2017-07-06,3116741.61
2017-07-07,3078068.28
2017-07-08,3084777.56
2017-07-09,3017845.39
2017-07-10,2963970.71
2017-07-11,2863367.28
2017-07-12,2892344.87
2017-07-13,2825458.16
2017-07-14,2631865.26
2017-07-15,2216716.34
2017-07-16,2213446.84
2017-07-17,2644758.77
2017-07-18,2766547.24
2017-07-19,2646209.79
2017-07-20,3221411.42
2017-07-21,2976219.41
2017-07-22,3120890.83
2017-07-23,3043717.75
2017-07-24,3062866.34
2017-07-25,2930657.09
2017-07-26,2850063.72
2017-07-27,2987586.29
2017-07-28,3192065.99
2017-07-29,3063658.43
2017-07-30,3120299.0
2017-07-31,3204180.27
2017-08-01,3065263.48
2017-08-02,3056541.99
2017-08-03,3107195.39
2017-08-04,3177075.71
2017-08-05,3600077.74
2017-08-06,3551590.32
2017-08-07,3769813.52
2017-08-08,3863090.28
2017-08-09,3798756.87
2017-08-10,3862643.39
2017-08-11,4176727.98
2017-08-12,4479577.89
2017-08-13,4718582.19
2017-08-14,4954666.94
2017-08-15,4870359.89
2017-08-16,4949783.36
2017-08-17,4856309.22
2017-08-18,4773713.52
2017-08-19,4804471.87
2017-08-20,4729572.07
2017-08-21,4513956.63
2017-08-22,4595899.75
2017-08-23,4693272.03
2017-08-24,4844175.09
2017-08-25,4914433.47
2017-08-26,4910976.23
2017-08-27,4887554.46
2017-08-28,4911516.79
2017-08-29,5093481.81
2017-08-30,5055880.31
2017-08-31,5185002.08
2017-09-01,5355193.35
2017-09-02,5094175.68
2017-09-03,5140383.37
2017-09-04,4799956.12
2017-09-05,4956322.82
2017-09-06,5069353.85
2017-09-07,5082293.72
2017-09-08,4933835.19
2017-09-09,4871455.23
2017-09-10,4775900.98
2017-09-11,4789148.1
2017-09-12,4710362.17
2017-09-13,4464637.04
2017-09-14,3430067.7
2017-09-15,4164587.37
2017-09-16,4123456.25
2017-09-17,4079302.77
2017-09-18,4460483.04
2017-09-19,4397715.86
2017-09-20,4373403.13
2017-09-21,4093411.56
2017-09-22,4154216.6
2017-09-23,4273576.61
2017-09-24,4153418.36
2017-09-25,4319411.77
2017-09-26,4322848.64
2017-09-27,4652134.12
2017-09-28,4590233.01
2017-09-29,4660033.05
2017-09-30,4892604.95
2017-10-01,4960092.22
2017-10-02,5021934.77
2017-10-03,4976971.43
2017-10-04,4902301.79
2017-10-05,4940322.75
2017-10-06,5000659.82
2017-10-07,5022834.64
2017-10-08,5238269.07
2017-10-09,5495863.14
2017-10-10,5516083.11
2017-10-11,5541569.12
2017-10-12,6381808.97
2017-10-13,6448239.12
2017-10-14,6637059.31
2017-10-15,6435314.55
2017-10-16,6450331.0
2017-10-17,6396393.27
2017-10-18,6379223.76
2017-10-19,6494124.72
2017-10-20,6885465.33
2017-10-21,6897948.25
2017-10-22,6966190.63
2017-10-23,6983380.04
2017-10-24,6386483.67
2017-10-25,6624658.67
2017-10-26,6770522.87
2017-10-27,6659558.33
2017-10-28,6617808.7
2017-10-29,6927982.45
2017-10-30,6951092.57
2017-10-31,7383093.29
2017-11-01,7699342.61
2017-11-02,8195307.65
2017-11-03,8101587.53
2017-11-04,8318865.66
2017-11-05,8430913.12
2017-11-06,8055749.95
2017-11-07,8210534.43
2017-11-08,8330918.44
2017-11-09,8188647.03
2017-11-10,7462686.5
2017-11-11,7191918.01
2017-11-12,6927839.18
2017-11-13,7431127.3
2017-11-14,7531136.82
2017-11-15,8296758.47
2017-11-16,8623548.61
2017-11-17,8506973.6
2017-11-18,8564286.64
2017-11-19,8743652.59
2017-11-20,8908164.35
2017-11-21,8894602.74
2017-11-22,9024400.01
2017-11-23,8859706.04
2017-11-24,9185629.4
2017-11-25,9799139.54
2017-11-26,10325849.46
2017-11-27,11241714.73
2017-11-28,11942022.78
2017-11-29,11195024.99
2017-11-30,11943517.06
2017-12-01,12499927.91
2017-12-02,12882743.9
2017-12-03,13124276.75
2017-12-04,13600842.53
2017-12-05,14649046.07
2017-12-06,18538839.68
2017-12-07,23866202.11
2017-12-08,20050000.0
2017-12-09,17755085.03
2017-12-10,17461479.97
2017-12-11,19193967.55
2017-12-12,18758408.07
2017-12-13,18223416.76
2017-12-14,18648172.29
2017-12-15,20024912.94
2017-12-16,22112515.23
2017-12-17,21887197.93
2017-12-18,21871127.31
2017-12-19,21657846.05
2017-12-20,21132335.31
2017-12-21,20647144.26
2017-12-22,18500609.14
2017-12-23,19323260.04
2017-12-24,18995221.22
2017-12-25,19375775.47
2017-12-26,21398974.78
2017-12-27,21847028.24
2017-12-28,19454844.18
2017-12-29,19263351.25
2017-12-30,18270428.93
2017-12-31,19203012.23
2018-01-01,18666564.15
2018-01-02,19830316.19
2018-01-03,20446072.87
2018-01-04,21741274.48
2018-01-05,25321494.69
2018-01-06,25035235.52
2018-01-07,25066864.13
2018-01-08,24013276.28
2018-01-09,22831145.38
2018-01-10,20665152.97
2018-01-11,19134695.54
2018-01-12,20351073.54
2018-01-13,20759502.89
2018-01-14,19145773.35
2018-01-15,19055994.49
2018-01-16,14323182.1
2018-01-17,14696526.37
2018-01-18,14809727.58
2018-01-19,15296732.36
2018-01-20,16796938.12
2018-01-21,14556928.68
2018-01-22,13976908.41
2018-01-23,13089641.46
2018-01-24,13481075.7
2018-01-25,12950943.59
2018-01-26,12842115.65
2018-01-27,12857004.62
2018-01-28,13292614.13
2018-01-29,12850640.89
2018-01-30,11578572.89
2018-01-31,11435955.6
2018-02-01,10057964.26
2018-02-02,9422484.91
2018-02-03,9536014.55
2018-02-04,8961166.14
2018-02-05,7802979.69
2018-02-06,8589807.14
2018-02-07,8372052.95
2018-02-08,9483469.61
2018-02-09,9972350.7
2018-02-10,9931621.93
2018-02-11,9302241.56
2018-02-12,10138670.84
2018-02-13,9876479.17
2018-02-14,10463879.65
2018-02-15,11382951.71
2018-02-16,11430992.57
2018-02-17,12354367.12
2018-02-18,11950372.69
2018-02-19,12665242.51
2018-02-20,13510697.82
2018-02-21,12800611.66
2018-02-22,11725200.82
2018-02-23,12050062.42
2018-02-24,11526595.1
2018-02-25,11201959.01
2018-02-26,11743802.52
2018-02-27,11927805.9
2018-02-28,11832763.85
2018-03-01,12185141.88
2018-03-02,12437283.59
2018-03-03,12791994.48
2018-03-04,12559422.48
2018-03-05,12716263.31
2018-03-06,11996241.37
2018-03-07,11129009.67
2018-03-08,10464805.68
2018-03-09,10403254.39
2018-03-10,9854245.76
2018-03-11,10480050.69
2018-03-12,10206915.81
2018-03-13,10132499.68
2018-03-14,9143687.44
2018-03-15,9100265.87
2018-03-16,9092507.25
2018-03-17,8652397.3
2018-03-18,8986154.27
2018-03-19,9714519.29
2018-03-20,9825124.57
2018-03-21,9918171.36
2018-03-22,9764537.31
2018-03-23,9845494.51
2018-03-24,9552126.89
2018-03-25,9462781.94
2018-03-26,9049646.35
2018-03-27,8642421.98
2018-03-28,8720122.99
2018-03-29,7883275.33
2018-03-30,7583815.8
2018-03-31,7683323.8
2018-04-01,7469738.97
2018-04-02,7711114.29
2018-04-03,8095988.8
2018-04-04,7499990.4
2018-04-05,7400589.32
2018-04-06,7271064.84
2018-04-07,7523798.48
2018-04-08,7605541.55
2018-04-09,7441680.18
2018-04-10,7410080.36
2018-04-11,7424120.56
2018-04-12,8134540.58
2018-04-13,8367261.96
2018-04-14,8330696.74
2018-04-15,8653027.92
2018-04-16,8644795.08
2018-04-17,8455510.08
2018-04-18,8656305.52
2018-04-19,8980412.01
2018-04-20,9567047.2
2018-04-21,9707347.48
2018-04-22,9592224.79
2018-04-23,9754981.8
2018-04-24,10539337.11
2018-04-25,9809700.75
2018-04-26,10134704.74
2018-04-27,9808572.58
2018-04-28,10043679.32
2018-04-29,10180820.31
2018-04-30,10121842.06
2018-05-01,9913045.6
2018-05-02,10033100.46
2018-05-03,10673611.4
2018-05-04,10654945.74
2018-05-05,10822904.31
2018-05-06,10685700.23
2018-05-07,10434124.59
2018-05-08,10233020.97
2018-05-09,10392604.02
2018-05-10,9977753.88
2018-05-11,9257728.65
2018-05-12,9491570.65
2018-05-13,9808526.64
2018-05-14,9793593.08
2018-05-15,9504737.41
2018-05-16,9302384.74
2018-05-17,9077804.41
2018-05-18,9169720.3
2018-05-19,9115345.08
2018-05-20,9370942.34
2018-05-21,9329259.35
2018-05-22,8953081.44
2018-05-23,8493921.37
2018-05-24,8400000.0
2018-05-25,8323847.79
2018-05-26,8163478.3
2018-05-27,8170646.19
2018-05-28,7886098.88
2018-05-29,8297722.57
2018-05-30,8196259.18
2018-05-31,8275089.6
2018-06-01,8273697.44
2018-06-02,8325796.8
2018-06-03,8418905.96
2018-06-04,8245592.72
2018-06-05,8345931.28
2018-06-06,8349605.09
2018-06-07,8363214.22
2018-06-08,8336218.6
2018-06-09,8232925.93
2018-06-10,7582699.46
2018-06-11,7640050.03
2018-06-12,7337788.42
2018-06-13,7033876.18
2018-06-14,7353038.17
2018-06-15,7182754.46
2018-06-16,7263856.07
2018-06-17,7215619.09
2018-06-18,7458663.02
2018-06-19,7513062.24
2018-06-20,7482630.75
2018-06-21,7491148.7
2018-06-22,6935845.28
2018-06-23,7016155.66
2018-06-24,6985410.33
2018-06-25,7031421.53
2018-06-26,6882356.23
2018-06-27,6927565.61
2018-06-28,6654511.3
2018-06-29,6953784.04
2018-06-30,7147626.69
2018-07-01,7074793.58
2018-07-02,7258210.93
2018-07-03,7212180.78
2018-07-04,7282254.77
2018-07-05,7306744.52
2018-07-06,7483361.87
2018-07-07,7549571.48
2018-07-08,7491170.55
2018-07-09,7477347.75
2018-07-10,7143506.73
2018-07-11,7234752.7
2018-07-12,7095790.21
2018-07-13,7079617.91
2018-07-14,7120523.59
2018-07-15,7186450.82
2018-07-16,7474011.76
2018-07-17,8051330.1
2018-07-18,8299838.58
2018-07-19,8444618.99
2018-07-20,8352393.74
2018-07-21,8381349.55
2018-07-22,8326309.06
2018-07-23,8759877.57
2018-07-24,9465363.95
2018-07-25,9149768.75
2018-07-26,8943453.94
2018-07-27,9098296.59
2018-07-28,9217343.13
2018-07-29,9206299.71
2018-07-30,9238876.72
2018-07-31,8782154.29
2018-08-01,8698472.31
2018-08-02,8704488.71
2018-08-03,8487646.36
2018-08-04,8063817.91
2018-08-05,8084376.08
2018-08-06,7980478.76
2018-08-07,7770077.48
2018-08-08,7314276.92
2018-08-09,7540355.65
2018-08-10,7228938.94
2018-08-11,7318013.76
2018-08-12,7398706.66
2018-08-13,7372422.63
2018-08-14,7241582.3
2018-08-15,7328443.01
2018-08-16,7333782.89
2018-08-17,7508130.51
2018-08-18,7396144.36
2018-08-19,7443953.63
2018-08-20,7264479.59
2018-08-21,7396876.48
2018-08-22,7281055.25
2018-08-23,7446490.21
2018-08-24,7571181.58
2018-08-25,7605147.15
2018-08-26,7543658.71
2018-08-27,7698759.04
2018-08-28,7834235.84
2018-08-29,7825788.74
2018-08-30,7856517.73
2018-08-31,7872266.6
2018-09-01,8006247.43
2018-09-02,8110339.59
2018-09-03,8116940.51
2018-09-04,8282619.21
2018-09-05,7682850.67
2018-09-06,7509687.48
2018-09-07,7391237.16
2018-09-08,7201330.97
2018-09-09,7222866.27
2018-09-10,7260054.47
2018-09-11,7243965.26
2018-09-12,7248541.61
2018-09-13,7363406.49
2018-09-14,7355524.95
2018-09-15,7368607.87
2018-09-16,7342273.33
2018-09-17,7194084.46
2018-09-18,7233926.93
2018-09-19,7249394.11
2018-09-20,7300219.43
2018-09-21,7537624.0
2018-09-22,7522874.39
2018-09-23,7510001.08
2018-09-24,7433581.8
2018-09-25,7296276.5
2018-09-26,7307332.51
2018-09-27,7454025.94
2018-09-28,7405398.03
2018-09-29,7367933.96
2018-09-30,7411613.42
2018-10-01,7364461.31
2018-10-02,7371977.71
2018-10-03,7382912.58
2018-10-04,7468960.43
2018-10-05,7496715.31
2018-10-06,7495844.4
2018-10-07,7489662.31
2018-10-08,7540128.86
2018-10-09,7519041.55
2018-10-10,7468262.61
2018-10-11,7198431.15
2018-10-12,7196622.51
2018-10-13,7193947.01
2018-10-14,7197059.94
2018-10-15,7411007.7
2018-10-16,7364397.12
2018-10-17,7333682.53
2018-10-18,7336170.31
2018-10-19,7302924.83
2018-10-20,7310802.98
2018-10-21,7313965.69
2018-10-22,7297989.34
2018-10-23,7269960.79
2018-10-24,7283007.04
2018-10-25,7269969.32
2018-10-26,7270090.68
2018-10-27,7289945.18
2018-10-28,7259938.67
2018-10-29,7103962.89
2018-10-30,7142059.24
2018-10-31,7161915.7
2018-11-01,7180059.5
2018-11-02,7181030.99
2018-11-03,7147974.68
